claim_id,topic,prompt_claim,verdict,correction_or_boundary,source
RXX-001,overall,"Reset produced genuinely fresh ideas",contradicted,"At least five of seven retained concepts duplicate or re-underwrite existing canonical/staged/research records.",repository corpus
RXX-002,agegate,"Seven named Member States are piloting in 2026",verified,"France Denmark Greece Italy Spain Cyprus and Ireland are named front-runners.",https://docs.ageverification.dev/
RXX-003,agegate,"Full EU rollout expected by end of 2026",unsupported,"Official portal says pilot in 2026 ahead of general availability; no end-2026 full-rollout commitment was found.",https://docs.ageverification.dev/
RXX-004,agegate,"Verifier must support DC API and OID4VP with standard mdoc and ZKP",verified,"The guide describes two presentation mechanisms and two proof types and requires all combinations.",https://docs.ageverification.dev/Getting%20started/developer_guide_verifier/
RXX-005,agegate,"Commission reference verifier is not production ready",verified-with-wording,"Official repositories call components development tools or not intended for production use; the white-label app is incomplete and needs integration.",https://github.com/eu-digital-identity-wallet/av-srv-web-verifier-endpoint-23220-4-kt
RXX-006,agegate,"All 14 proposed chaos scenarios can be executed now across national wallets",unverified,"The matrix is a test design. Access to implementations test credentials revocation controls and authorized staging endpoints has not been demonstrated.",https://docs.ageverification.dev/Getting%20started/developer_guide_verifier/
RXX-007,agegate,"AgeGate Replay is a fresh idea",contradicted,"Merge into canonical idea-309 AgeGate Chaos Lab and prior AgeProof Lab / EUDI Real-World Regression Cloud research.",data/ideas.json
RXX-008,agegate,"Official conformance work leaves production-journey testing outside its boundary",partly-supported,"FCAF is reusable formal functional conformance and documents test-specification gaps; commercial demand for a separate journey lab remains unproven.",https://conformance.eudi.dev/latest/fcaf/introduction/
RXX-009,smallsoft,"YC Fall 2026 requested a cloud for Small Software",verified,"YC explicitly identifies auth permissions and safe sharing of arbitrary code as hard problems.",https://www.ycombinator.com/rfs
RXX-010,smallsoft,"90 percent of AI-built apps remain on localhost",unsupported,"No source or measurement was supplied or found; remove the statistic.",
RXX-011,smallsoft,"SmallSoft Gate is a fresh idea",contradicted,"It directly re-underwrites canonical idea-359 Small-Software Deployment Cloud; the security controls are a feature hypothesis.",data/ideas.json
RXX-012,smallsoft,"The secure-runtime layer has little existing substitution",contradicted,"Vercel Cloudflare and Modal offer isolated untrusted-code sandboxes and Replit offers private deployment access controls.",https://vercel.com/docs/vercel-sandbox
RXX-013,mandatemesh,"Council adopted a negotiating position on European Business Wallets on 9 June 2026",verified-official,"Legislation remains in process; this is not an enacted production requirement.",https://www.consilium.europa.eu/en/press/press-releases/2026/06/09/european-business-wallets-council-adopts-negotiating-position/
RXX-014,mandatemesh,"MandateMesh is fresh",contradicted,"Duplicate of idea-341 EntityMandate and adjacent idea-344 MandateCompiler.",data/ideas.json
RXX-015,nonfirm,"Grid measures could unlock 1200-1600 GW and non-firm agreements 750-900 GW",verified-estimate,"These are IEA global estimates of advanced-stage queued projects not the addressable market for a software product.",https://www.iea.org/reports/electricity-2026/grids
RXX-016,nonfirm,"The Netherlands BESS case found fee savings can outweigh curtailed revenue",verified-single-case,"The paper reports a 65 percent grid-fee reduction in its case and sensitivity to price data and curtailment timing; it does not generalize to every agreement.",https://doi.org/10.1016/j.enpol.2025.114903
RXX-017,nonfirm,"Modo already models flexible-connection restrictions",verified-vendor,"Modo accepts uploaded time-varying import/export limits and compares constrained and unconstrained forecasts.",https://docs.modoenergy.com/pages/jul-2026/uk-europe/germany/flexible-connection-agreements/
RXX-018,nonfirm,"NonFirm Replay is fresh",contradicted,"Overlaps staged GridSlot and prior CurtailmentCost Replay; retain only a narrower independent contract-review experiment.",data/idea-staging-queue.json
RXX-019,trustlist,"Articles 6-9 of Regulation 2025/1569 apply from 19 August 2026",verified,"The regulation requires provider lists and catalogues with automated/human-readable access and signed or sealed publication controls.",https://eur-lex.europa.eu/eli/reg_impl/2025/1569/oj
RXX-020,trustlist,"Every contemplated trust feed is already live and populated",unverified,"The application date is verified; current operational population and change cadence of each feed were not demonstrated.",https://eur-lex.europa.eu/eli/reg_impl/2025/1569/oj
RXX-021,trustlist,"TrustList Sentry is fresh",contradicted,"The legacy corpus already contains TrustList Drift with the same monitoring object.",research/LEGACY_RESEARCH_PROPOSAL_RECONCILIATION.md
RXX-022,fieldhandoff,"YC identifies agents robots and humans as three worker types in field services",verified,"The handoff-receipt product is an analyst inference rather than customer evidence.",https://www.ycombinator.com/rfs
RXX-023,fieldhandoff,"FieldHandoff has demonstrated a distinct paid wedge",unsupported,"Treat as a feature hypothesis adjacent to idea-279 RobotOps and Robot Skill Acceptance until a vertical workflow and buyer artifact exist.",data/ideas.json
RXX-024,cashcliff,"One anonymous contractor anecdote establishes recurring demand",unsupported,"It is pain evidence only and cannot establish prevalence willingness to pay or differentiation.",https://www.reddit.com/r/smallbusiness/comments/1tevd7y/does_anyone_actually_see_cash_problems_coming_or/
RXX-025,cashcliff,"The product can state the exact date cash reaches zero",overstated,"Receivable timing is uncertain; return scenario ranges probability bands and assumptions.",
RXX-026,cashcliff,"The job-level wedge has thin competition",unsupported,"Float offers 13-week views and scenario planning; Cash Flow Frog and Dryrun offer forecasting/scenarios; Siteline provides construction billing and cash-flow forecasting.",https://www.floatapp.com/
RXX-027,dpp,"DPP Registry launched with a testing environment",verified,"The Commission also describes API registration semantic repository verification framework and logging.",https://single-market-economy.ec.europa.eu/news/digital-product-passport-registry-now-live-2026-07-20_en
RXX-028,cra,"CRA reporting begins 11 September 2026",verified,"Manufacturers must report actively exploited vulnerabilities and severe incidents from that date.",https://digital-strategy.ec.europa.eu/en/policies/cra-reporting
RXX-029,eudr,"Contingency identifiers start on 15 October 2026",contradicted,"The contingency provisions entered with the regulation; 15 October applies only to Article 1(2)(c) on attribution of due-diligence statements.",https://eur-lex.europa.eu/eli/reg_impl/2026/1565/oj
RXX-030,scoring,"Scores from 6.3 to 8.4 are evidence-backed rankings",unsupported,"No scoring rubric calculation buyer evidence or uncertainty interval was supplied. Preserve only as analyst estimates outside ranking authority.",

