vendor,claims_dpp,independently_hosted,portable,cryptographically_verifiable,primary_can_disappear,multi_vendor,pricing,api,sla,standards,legal_claim,evidence_status
Circularise,YES,UNCLEAR,UNCLEAR,UNCLEAR,UNCLEAR,UNCLEAR,UNCLEAR,UNCLEAR,UNCLEAR,UNCLEAR,UNCLEAR,requires_vendor_forensics
iPoint,YES,UNCLEAR,UNCLEAR,UNCLEAR,UNCLEAR,UNCLEAR,UNCLEAR,UNCLEAR,UNCLEAR,UNCLEAR,UNCLEAR,requires_vendor_forensics
Kezzler,YES,UNCLEAR,UNCLEAR,UNCLEAR,UNCLEAR,UNCLEAR,UNCLEAR,UNCLEAR,UNCLEAR,UNCLEAR,UNCLEAR,requires_vendor_forensics
Minespider,YES,UNCLEAR,UNCLEAR,UNCLEAR,UNCLEAR,UNCLEAR,UNCLEAR,UNCLEAR,UNCLEAR,UNCLEAR,UNCLEAR,requires_vendor_forensics
Spherity,YES,UNCLEAR,UNCLEAR,UNCLEAR,UNCLEAR,UNCLEAR,UNCLEAR,UNCLEAR,UNCLEAR,UNCLEAR,UNCLEAR,requires_vendor_forensics
Arianee,YES,UNCLEAR,UNCLEAR,UNCLEAR,UNCLEAR,UNCLEAR,UNCLEAR,UNCLEAR,UNCLEAR,UNCLEAR,UNCLEAR,requires_vendor_forensics
atma.io,YES,UNCLEAR,UNCLEAR,UNCLEAR,UNCLEAR,UNCLEAR,UNCLEAR,UNCLEAR,UNCLEAR,UNCLEAR,UNCLEAR,requires_vendor_forensics
OPTEL,YES,UNCLEAR,UNCLEAR,UNCLEAR,UNCLEAR,UNCLEAR,UNCLEAR,UNCLEAR,UNCLEAR,UNCLEAR,UNCLEAR,requires_vendor_forensics

