id,slug,name,category,status,target_customer,problem,revenue_model,overall_score,confidence_score,startup_min_usd,startup_mid_usd,startup_max_usd,time_to_mvp,main_risk,source_refs
idea-001,proofrail-ai-work-acceptance-gate,ProofRail — AI Work Acceptance Gate,Developer tools,priority,AI-native engineering teams,"AI coding agents can claim completion without proving scope, tests, repository rules, or release safety.",subscription_or_licensing,87.7,8.6,0,250,5000,3–8 weeks,unclear first wedge,src-002|src-012
idea-002,ai-model-ranking-observatory,AI Model Ranking Observatory,Media + data,priority,independent builders,"People make decisions from stale, biased, or incomparable information.",subscription_or_licensing,88.5,9.4,0,250,5000,3–8 weeks,unclear first wedge,src-002|src-012
idea-003,ai-agent-budget-and-credit-controller,AI Agent Budget & Credit Controller,AI infrastructure,explore,independent builders,"AI systems are fragmented, hard to govern, costly, and difficult to evaluate reliably.",subscription_or_licensing,87.6,9.2,0,250,5000,3–8 weeks,unclear first wedge,src-002|src-012
idea-004,verified-rankings-network,Verified Rankings Network,Media + data,priority,independent builders,"People make decisions from stale, biased, or incomparable information.",transaction_or_sponsorship,85.5,9.1,0,250,5000,3–8 weeks,unclear first wedge,src-002|src-012
idea-005,prompt-registry-and-evaluation-lab,Prompt Registry & Evaluation Lab,Developer tools,explore,independent builders,"Engineering teams waste time and accept risk when complex repository work lacks verifiable scope, tests, and history.",subscription_or_usage,88.1,9.4,0,250,5000,3–8 weeks,unclear first wedge,src-002|src-012
idea-006,codeql-remediation-factory,CodeQL Remediation Factory,Cybersecurity,explore,independent builders,Security findings remain open or get patched superficially without proof.,subscription_or_usage,87.3,9.6,0,250,5000,3–8 weeks,unclear first wedge,src-002|src-012
idea-007,creator-video-automation-pipeline,Creator Video Automation Pipeline,Creator tools,priority,independent builders,Content production repeats expensive manual steps and loses provenance across platforms.,subscription_or_licensing,86.1,8.0,0,250,5000,3–8 weeks,unclear first wedge,src-002|src-012
idea-008,research-to-startup-engine,Research-to-Startup Engine,Research tools,priority,independent builders,"Research produces documents but often fails to produce decisions, experiments, or learning loops.",subscription_or_licensing,84.8,9.4,0,250,5000,3–8 weeks,unclear first wedge,src-002|src-012
idea-009,autonomous-experiment-factory,Autonomous Experiment Factory,Research tools,explore,independent builders,"Research produces documents but often fails to produce decisions, experiments, or learning loops.",subscription_or_usage,85.5,9.3,0,250,5000,3–8 weeks,unclear first wedge,src-002|src-012
idea-010,repository-autopilot,Repository Autopilot,Developer tools,priority,independent builders,"Engineering teams waste time and accept risk when complex repository work lacks verifiable scope, tests, and history.",subscription_or_licensing,88.6,9.1,0,250,5000,8–16 weeks,unclear first wedge,src-002|src-012
idea-011,official-source-change-monitor,Official Source Change Monitor,Information infrastructure,explore,independent builders,Important official information changes without users noticing or preserving what changed.,subscription_or_usage,86.2,9.7,0,250,5000,3–8 weeks,unclear first wedge,src-002|src-012
idea-012,content-opportunity-ranker,Content Opportunity Ranker,Creator tools,explore,independent builders,Content production repeats expensive manual steps and loses provenance across platforms.,subscription_or_licensing,83.5,8.7,0,250,5000,3–8 weeks,unclear first wedge,src-002|src-012
idea-013,autonomous-agent-operating-system,Autonomous Agent Operating System,AI infrastructure,priority,independent builders,"AI systems are fragmented, hard to govern, costly, and difficult to evaluate reliably.",subscription_or_usage,87.6,7.8,0,250,5000,8–16 weeks,unclear first wedge,src-002|src-012
idea-014,venture-atlas-os,Venture Atlas OS,Knowledge management,explore,founders,"Valuable decisions and ideas disappear across chats, documents, and versions.",subscription_or_licensing,78.2,9.1,0,250,5000,3–8 weeks,unclear first wedge,src-002|src-012
idea-015,evidence-backed-recommendation-engine,Evidence-Backed Recommendation Engine,AI infrastructure,explore,independent builders,"AI systems are fragmented, hard to govern, costly, and difficult to evaluate reliably.",subscription_or_licensing,86.9,9.7,0,250,5000,8–16 weeks,unclear first wedge,src-002|src-012
idea-016,multi-provider-ai-workspace,Multi-Provider AI Workspace,AI application,explore,independent builders,"Users switch between tools manually and lack private, durable, controllable workflows.",subscription_or_licensing,87.0,9.0,0,250,5000,3–8 weeks,unclear first wedge,src-002|src-012
idea-017,semantic-multi-agent-merge-coordinator,Semantic Multi-Agent Merge Coordinator,Developer tools,explore,independent builders,"Engineering teams waste time and accept risk when complex repository work lacks verifiable scope, tests, and history.",subscription_or_licensing,85.3,8.9,0,250,5000,8–16 weeks,unclear first wedge,src-002|src-012
idea-018,verified-agent-skill-marketplace,Verified Agent Skill Marketplace,Marketplaces,explore,independent builders,"Supply and demand remain fragmented while trust, data quality, and cross-border operations are weak.",transaction_or_sponsorship,87.8,8.7,0,250,5000,8–16 weeks,unclear first wedge,src-002|src-012
idea-019,release-evidence-ledger,Release Evidence Ledger,Developer tools,explore,independent builders,"Engineering teams waste time and accept risk when complex repository work lacks verifiable scope, tests, and history.",subscription_or_usage,85.3,9.6,0,250,5000,8–16 weeks,unclear first wedge,src-002|src-012
idea-020,longitudinal-research-memory,Longitudinal Research Memory,Research tools,explore,independent builders,"Research produces documents but often fails to produce decisions, experiments, or learning loops.",subscription_or_licensing,86.8,9.7,0,250,5000,8–16 weeks,unclear first wedge,src-002|src-012
idea-021,clip-to-quiz-language-learning,Clip-to-Quiz Language Learning,Education technology,explore,independent builders,"Students and teachers manually transform complex content into structured, validated learning workflows.",subscription_or_licensing,82.7,8.2,0,250,5000,3–8 weeks,unclear first wedge,src-002|src-012
idea-022,subscription-change-tracker,Subscription Change Tracker,Information service,explore,independent builders,People miss opportunities or absorb changes late because sources are scattered and time-sensitive.,subscription_or_licensing,81.5,9.1,0,250,5000,3–8 weeks,unclear first wedge,src-002|src-012
idea-023,applications-closing-soon,Applications Closing Soon,Information service,explore,independent builders,People miss opportunities or absorb changes late because sources are scattered and time-sensitive.,subscription_or_licensing,79.3,8.9,0,250,5000,3–8 weeks,unclear first wedge,src-002|src-012
idea-024,movie-to-100-shorts-engine,Movie-to-100-Shorts Engine,Creator tools,explore,rights-owning creators,Content production repeats expensive manual steps and loses provenance across platforms.,subscription_or_licensing,80.3,8.3,0,250,5000,3–8 weeks,copyright misuse,src-002|src-012
idea-025,eu-marketplace-compliance-os,EU Marketplace Compliance OS,Compliance,explore,independent builders,"Compliance obligations are scattered across documents, teams, dates, and manual evidence collection.",transaction_or_sponsorship,88.0,9.5,0,250,5000,8–16 weeks,unclear first wedge,src-002|src-012
idea-026,marketplace-trust-layer,Marketplace Trust Layer,B2B SaaS,explore,independent builders,Businesses repeat verification and evidence workflows manually with inconsistent quality.,transaction_or_sponsorship,85.5,9.0,0,250,5000,8–16 weeks,unclear first wedge,src-002|src-012
idea-027,commerce-knowledge-graph-platform,Commerce Knowledge Graph Platform,Data infrastructure,explore,independent builders,"Domain data is inconsistent, duplicated, unversioned, and difficult for software or AI to reason over.",transaction_or_sponsorship,86.8,8.4,0,250,5000,8–16 weeks,unclear first wedge,src-002|src-012
idea-028,foodspec-evidence-registry,FoodSpec Evidence Registry,B2B SaaS,explore,independent builders,Businesses repeat verification and evidence workflows manually with inconsistent quality.,subscription_or_usage,83.1,9.2,0,250,5000,3–8 weeks,unclear first wedge,src-002|src-012
idea-029,verified-seller-onboarding-api,Verified Seller Onboarding API,B2B SaaS,explore,independent builders,Businesses repeat verification and evidence workflows manually with inconsistent quality.,subscription_or_usage,85.4,9.1,0,250,5000,8–16 weeks,unclear first wedge,src-002|src-012
idea-030,autonomous-mobile-app-factory,Autonomous Mobile App Factory,Automation platform,explore,independent builders,"Repeated software production is slowed by setup, coordination, testing, packaging, and maintenance.",subscription_or_usage,79.9,7.8,0,250,5000,3–8 weeks,unclear first wedge,src-002|src-012
idea-031,mobile-release-factory,Mobile Release Factory,Developer tools,explore,independent builders,"Engineering teams waste time and accept risk when complex repository work lacks verifiable scope, tests, and history.",subscription_or_usage,82.4,9.0,0,250,5000,3–8 weeks,unclear first wedge,src-002|src-012
idea-032,digital-product-passport-and-repair-graph,Digital Product Passport & Repair Graph,Climate + compliance,explore,independent builders,"Lifecycle and repair data is fragmented, weakening compliance, resale, and circular use.",subscription_or_licensing,88.6,9.4,0,250,5000,8–16 weeks,unclear first wedge,src-002|src-012
idea-033,evidence-backed-food-route-builder,Evidence-Backed Food Route Builder,Travel + food,explore,independent builders,"Food travel planning separates culture, current logistics, provenance, and purchase options.",subscription_or_licensing,81.8,8.8,0,250,5000,3–8 weeks,unclear first wedge,src-002|src-012
idea-034,founder-decision-journal,Founder Decision Journal,Knowledge management,explore,independent builders,"Valuable decisions and ideas disappear across chats, documents, and versions.",subscription_or_licensing,77.2,9.2,0,250,5000,3–8 weeks,unclear first wedge,src-002|src-012
idea-035,local-first-personal-ai-jarvis,Local-First Personal AI / Jarvis,AI application,explore,independent builders,"Users switch between tools manually and lack private, durable, controllable workflows.",subscription_or_licensing,83.6,7.5,0,250,5000,8–16 weeks,unclear first wedge,src-002|src-012
idea-036,free-before-midnight,Free Before Midnight,Consumer discovery,explore,independent builders,"Local, urgent opportunities are scattered and hard to verify before they expire.",subscription_or_licensing,76.2,8.5,0,250,5000,3–8 weeks,unclear first wedge,src-002|src-012
idea-037,multi-platform-publishing-os,Multi-Platform Publishing OS,Creator infrastructure,explore,independent builders,"Publishing workflows fail across incompatible APIs, credentials, formats, and analytics.",subscription_or_usage,83.8,8.4,0,250,5000,8–16 weeks,unclear first wedge,src-002|src-012
idea-038,coursematch-erasmus-equivalence,CourseMatch Erasmus Equivalence,Education technology,explore,Erasmus students,"Students and teachers manually transform complex content into structured, validated learning workflows.",subscription_or_licensing,77.5,9.3,0,250,5000,3–8 weeks,unclear first wedge,src-002|src-012
idea-039,local-event-and-early-bird-radar,Local Event & Early-Bird Radar,Consumer discovery,explore,independent builders,"Local, urgent opportunities are scattered and hard to verify before they expire.",subscription_or_licensing,80.0,9.1,0,250,5000,3–8 weeks,unclear first wedge,src-002|src-012
idea-040,european-food-knowledge-graph,European Food Knowledge Graph,Data infrastructure,explore,independent builders,"Domain data is inconsistent, duplicated, unversioned, and difficult for software or AI to reason over.",subscription_or_licensing,80.8,8.5,0,250,5000,8–16 weeks,unclear first wedge,src-002|src-012
idea-041,living-european-food-atlas,Living European Food Atlas,Food knowledge,explore,food explorers,"Food discovery, culture, evidence, and commerce are separated across weakly linked sources.",subscription_or_licensing,78.1,7.8,0,250,5000,8–16 weeks,unclear first wedge,src-002|src-012
idea-042,verified-local-value-rankings,Verified Local Value Rankings,Media + data,explore,independent builders,"People make decisions from stale, biased, or incomparable information.",subscription_or_licensing,77.5,8.7,0,250,5000,3–8 weeks,unclear first wedge,src-002|src-012
idea-043,regional-commerce-launchpad,Regional Commerce Launchpad,Marketplaces,explore,independent builders,"Supply and demand remain fragmented while trust, data quality, and cross-border operations are weak.",transaction_or_sponsorship,78.8,8.4,0,250,5000,3–8 weeks,unclear first wedge,src-002|src-012
idea-044,eushop-pan-european-specialty-food-marketplace,EUshop — Pan-European Specialty Food Marketplace,Marketplaces,explore,specialty-food buyers,"European specialty foods are fragmented across languages, small producers, product data, logistics, and trust.",transaction_or_sponsorship,85.2,8.0,0,250,5000,8–16 weeks,marketplace cold start,src-008|src-012
idea-045,repair-decision-assistant,Repair Decision Assistant,Consumer utility,explore,independent builders,Consumers lack transparent evidence for practical cost and sustainability decisions.,subscription_or_licensing,78.5,8.8,0,250,5000,3–8 weeks,unclear first wedge,src-002|src-012
idea-046,api-opportunity-ranker,API Opportunity Ranker,Research tools,explore,independent builders,"Research produces documents but often fails to produce decisions, experiments, or learning loops.",subscription_or_usage,71.9,7.6,0,250,5000,3–8 weeks,unclear first wedge,src-002|src-012
idea-047,autonomous-game-factory,Autonomous Game Factory,Automation platform,explore,independent builders,"Repeated software production is slowed by setup, coordination, testing, packaging, and maintenance.",subscription_or_usage,77.8,6.9,0,250,5000,8–16 weeks,unclear first wedge,src-010|src-012
idea-048,ssd-storage-culprit-analyzer,SSD Storage Culprit Analyzer,Utilities,explore,developers,Users cannot safely understand and control complex local computer resources.,subscription_or_licensing,74.2,8.9,0,250,5000,3–8 weeks,dangerous deletion,src-002|src-012
idea-049,github-pages-version-lab,GitHub Pages Version Lab,Developer tools,explore,independent builders,"Engineering teams waste time and accept risk when complex repository work lacks verifiable scope, tests, and history.",subscription_or_licensing,66.2,7.8,0,250,5000,3–8 weeks,unclear first wedge,src-002|src-012
idea-050,momentum-kinetic-fps,Momentum / Kinetic FPS,Games,explore,movement-shooter players,Game prototypes lack a disciplined loop from mechanics to play evidence and packaged builds.,subscription_or_licensing,73.4,6.8,0,250,5000,8–16 weeks,unclear first wedge,src-010|src-012
idea-051,agentlingo-multilingual-ai-agent-launch-gate,AgentLingo — Multilingual AI Agent Launch Gate,AI evaluation,shortlisted,AI automation agencies,"Small AI-agent teams often test in English or by machine translation and can miss language, cultural, telephony, policy, and tool-use failures before launch.",subscription_or_licensing,69.6,6.8,0,250,5000,1–3 weeks,free eval frameworks,src-004|src-012
idea-052,rag-citation-fidelity-gate,RAG Citation Fidelity Gate,AI evaluation,shortlisted,RAG product teams,A cited answer can appear trustworthy while the source does not warrant the exact proposition or confidence level.,subscription_or_licensing,70.0,7.1,0,250,5000,2–4 weeks,crowded open-source evaluation market,src-004|src-012
idea-053,model-and-prompt-regression-gate,Model & Prompt Regression Gate,AI evaluation,explore,AI-native product teams,"Provider and prompt changes can silently break production behavior, cost, latency, safety, and tool use.",subscription_or_licensing,70.0,7.1,0,250,5000,3–6 weeks,platform-native evals,src-004|src-012
idea-054,mcp-cross-client-release-gate,MCP Cross-Client Release Gate,Developer tools,explore,MCP server maintainers,"Protocol conformance does not guarantee reliable behavior across real clients, auth modes, schemas, and breaking revisions.",subscription_or_licensing,70.3,7.1,0,250,5000,2–5 weeks,official tools absorb value,src-004|src-012
idea-055,prague-guest-intent-network,Prague Guest Intent Network,Local commerce,shortlisted,local venues and experiences,In-destination guests need timely local options while nearby venues need measurable access to people deciding what to do now.,transaction_or_sponsorship,70.8,6.8,0,250,5000,2–7 days,property acquisition cold start,src-005|src-012
idea-056,erasmus-course-rescue-pack,Erasmus Course Rescue Pack,Education,explore,Erasmus students,"Exchange students face changing course availability, prerequisites, recognition uncertainty, and multi-party approval under deadlines.",fixed_package_then_subscription,69.5,7.0,0,250,5000,2–5 days,price-sensitive users,src-005|src-012
idea-057,indie-game-launch-language-preflight,Indie Game Launch-Language Preflight,Game operations,explore,small game studios,"Small studios can waste localization budget or ship inconsistent, broken, or poorly prioritized language support.",fixed_package_then_subscription,70.3,7.2,0,250,5000,1–2 weeks,weak studio budgets,src-005|src-012
idea-058,small-tour-empty-seat-rescue-circle,Small-Tour Empty-Seat Rescue Circle,Local commerce,explore,small tour operators,Unused tour capacity expires daily while nearby travelers may be ready to book at short notice.,transaction_or_sponsorship,70.3,7.1,0,250,5000,1–2 weeks,two-sided coordination,src-005|src-012
idea-059,pstn-accent-and-noise-regression-suite,PSTN Accent & Noise Regression Suite,AI evaluation,explore,voice-agent agencies,Clean browser microphone tests fail to reproduce real telephone channels and conversational stress.,subscription_or_licensing,70.1,7.1,0,250,5000,2–4 weeks,call costs,src-004|src-012
idea-060,policy-journey-adherence-pack,Policy-Journey Adherence Pack,AI evaluation,explore,support-automation agencies,"Fluent support agents can violate business policy, skip required steps, call tools incorrectly, or fail to escalate.",fixed_package_then_subscription,70.7,7.2,0,250,5000,1–3 weeks,confidential policies,src-004|src-012
